{
    "regions": {
        "Hokkaido": { "hueMin": 270, "hueMax": 290 },
        "Tohoku": { "hueMin": 200, "hueMax": 220 },
        "Kanto": { "hueMin": 225, "hueMax": 245 },
        "Chubu": { "hueMin": 175, "hueMax": 195 },
        "Kansai": { "hueMin": 330, "hueMax": 348 },
        "Chugoku": { "hueMin": 10, "hueMax": 25 },
        "Shikoku": { "hueMin": 95, "hueMax": 115 },
        "Kyushu": { "hueMin": 28, "hueMax": 45 },
        "Okinawa": { "hueMin": 160, "hueMax": 178 }
    },
    "prefectures": {
        "JP-01": {
            "name": "Hokkaido",
            "nameJa": "北海道",
            "capital": "Sapporo",
            "region": "Hokkaido"
        },
        "JP-02": { "name": "Aomori", "nameJa": "青森県", "capital": "Aomori", "region": "Tohoku" },
        "JP-03": { "name": "Iwate", "nameJa": "岩手県", "capital": "Morioka", "region": "Tohoku" },
        "JP-04": { "name": "Miyagi", "nameJa": "宮城県", "capital": "Sendai", "region": "Tohoku" },
        "JP-05": { "name": "Akita", "nameJa": "秋田県", "capital": "Akita", "region": "Tohoku" },
        "JP-06": {
            "name": "Yamagata",
            "nameJa": "山形県",
            "capital": "Yamagata",
            "region": "Tohoku"
        },
        "JP-07": {
            "name": "Fukushima",
            "nameJa": "福島県",
            "capital": "Fukushima",
            "region": "Tohoku"
        },
        "JP-08": { "name": "Ibaraki", "nameJa": "茨城県", "capital": "Mito", "region": "Kanto" },
        "JP-09": {
            "name": "Tochigi",
            "nameJa": "栃木県",
            "capital": "Utsunomiya",
            "region": "Kanto"
        },
        "JP-10": { "name": "Gunma", "nameJa": "群馬県", "capital": "Maebashi", "region": "Kanto" },
        "JP-11": { "name": "Saitama", "nameJa": "埼玉県", "capital": "Saitama", "region": "Kanto" },
        "JP-12": { "name": "Chiba", "nameJa": "千葉県", "capital": "Chiba", "region": "Kanto" },
        "JP-13": { "name": "Tokyo", "nameJa": "東京都", "capital": "Shinjuku", "region": "Kanto" },
        "JP-14": {
            "name": "Kanagawa",
            "nameJa": "神奈川県",
            "capital": "Yokohama",
            "region": "Kanto"
        },
        "JP-15": { "name": "Niigata", "nameJa": "新潟県", "capital": "Niigata", "region": "Chubu" },
        "JP-16": { "name": "Toyama", "nameJa": "富山県", "capital": "Toyama", "region": "Chubu" },
        "JP-17": {
            "name": "Ishikawa",
            "nameJa": "石川県",
            "capital": "Kanazawa",
            "region": "Chubu"
        },
        "JP-18": { "name": "Fukui", "nameJa": "福井県", "capital": "Fukui", "region": "Chubu" },
        "JP-19": { "name": "Yamanashi", "nameJa": "山梨県", "capital": "Kofu", "region": "Chubu" },
        "JP-20": { "name": "Nagano", "nameJa": "長野県", "capital": "Nagano", "region": "Chubu" },
        "JP-21": { "name": "Gifu", "nameJa": "岐阜県", "capital": "Gifu", "region": "Chubu" },
        "JP-22": {
            "name": "Shizuoka",
            "nameJa": "静岡県",
            "capital": "Shizuoka",
            "region": "Chubu"
        },
        "JP-23": { "name": "Aichi", "nameJa": "愛知県", "capital": "Nagoya", "region": "Chubu" },
        "JP-24": { "name": "Mie", "nameJa": "三重県", "capital": "Tsu", "region": "Kansai" },
        "JP-25": { "name": "Shiga", "nameJa": "滋賀県", "capital": "Otsu", "region": "Kansai" },
        "JP-26": { "name": "Kyoto", "nameJa": "京都府", "capital": "Kyoto", "region": "Kansai" },
        "JP-27": { "name": "Osaka", "nameJa": "大阪府", "capital": "Osaka", "region": "Kansai" },
        "JP-28": { "name": "Hyogo", "nameJa": "兵庫県", "capital": "Kobe", "region": "Kansai" },
        "JP-29": { "name": "Nara", "nameJa": "奈良県", "capital": "Nara", "region": "Kansai" },
        "JP-30": {
            "name": "Wakayama",
            "nameJa": "和歌山県",
            "capital": "Wakayama",
            "region": "Kansai"
        },
        "JP-31": {
            "name": "Tottori",
            "nameJa": "鳥取県",
            "capital": "Tottori",
            "region": "Chugoku"
        },
        "JP-32": {
            "name": "Shimane",
            "nameJa": "島根県",
            "capital": "Matsue",
            "region": "Chugoku"
        },
        "JP-33": {
            "name": "Okayama",
            "nameJa": "岡山県",
            "capital": "Okayama",
            "region": "Chugoku"
        },
        "JP-34": {
            "name": "Hiroshima",
            "nameJa": "広島県",
            "capital": "Hiroshima",
            "region": "Chugoku"
        },
        "JP-35": {
            "name": "Yamaguchi",
            "nameJa": "山口県",
            "capital": "Yamaguchi",
            "region": "Chugoku"
        },
        "JP-36": {
            "name": "Tokushima",
            "nameJa": "徳島県",
            "capital": "Tokushima",
            "region": "Shikoku"
        },
        "JP-37": {
            "name": "Kagawa",
            "nameJa": "香川県",
            "capital": "Takamatsu",
            "region": "Shikoku"
        },
        "JP-38": {
            "name": "Ehime",
            "nameJa": "愛媛県",
            "capital": "Matsuyama",
            "region": "Shikoku"
        },
        "JP-39": { "name": "Kochi", "nameJa": "高知県", "capital": "Kochi", "region": "Shikoku" },
        "JP-40": {
            "name": "Fukuoka",
            "nameJa": "福岡県",
            "capital": "Fukuoka",
            "region": "Kyushu"
        },
        "JP-41": { "name": "Saga", "nameJa": "佐賀県", "capital": "Saga", "region": "Kyushu" },
        "JP-42": {
            "name": "Nagasaki",
            "nameJa": "長崎県",
            "capital": "Nagasaki",
            "region": "Kyushu"
        },
        "JP-43": {
            "name": "Kumamoto",
            "nameJa": "熊本県",
            "capital": "Kumamoto",
            "region": "Kyushu"
        },
        "JP-44": { "name": "Oita", "nameJa": "大分県", "capital": "Oita", "region": "Kyushu" },
        "JP-45": {
            "name": "Miyazaki",
            "nameJa": "宮崎県",
            "capital": "Miyazaki",
            "region": "Kyushu"
        },
        "JP-46": {
            "name": "Kagoshima",
            "nameJa": "鹿児島県",
            "capital": "Kagoshima",
            "region": "Kyushu"
        },
        "JP-47": { "name": "Okinawa", "nameJa": "沖縄県", "capital": "Naha", "region": "Okinawa" }
    }
}
